﻿<?xml version="1.0" encoding="utf-8"?>
<deployment>
  <id>331d7c42a740b49ce2daeb503acc533f72bae1d61759391679057</id>
  <author>sammyhan2024</author>
  <deployer>GitHub</deployer>
  <authorEmail />
  <message>{"type":"Deployment","sha":"331d7c42a740b49ce2daeb503acc533f72bae1d6","repoName":"sammyhan2024/2025-T2sammyhan722","actor":"sammyhan2024","slotName":"production"}</message>
  <progress />
  <status>Success</status>
  <statusText />
  <lastSuccessEndTime>2025-10-02T07:54:41.5475716Z</lastSuccessEndTime>
  <receivedTime>2025-10-02T07:54:41.5475716Z</receivedTime>
  <startTime>2025-10-02T07:54:41.5475716Z</startTime>
  <endTime>2025-10-02T07:54:41.5475716Z</endTime>
  <complete>True</complete>
  <is_temp>False</is_temp>
  <is_readonly>True</is_readonly>
  <buildSummary />
</deployment>