﻿<?xml version="1.0" encoding="utf-8"?>
<deployment>
  <id>474ff9db3f37ae105d2410560cab6bd611c9e2a11759395809211</id>
  <author>sammyhan2024</author>
  <deployer>GitHub</deployer>
  <authorEmail />
  <message>{"type":"Deployment","sha":"474ff9db3f37ae105d2410560cab6bd611c9e2a1","repoName":"sammyhan2024/2025-T2sammyhan722","actor":"sammyhan2024","slotName":"production"}</message>
  <progress />
  <status>Success</status>
  <statusText />
  <lastSuccessEndTime>2025-10-02T09:03:29.3731921Z</lastSuccessEndTime>
  <receivedTime>2025-10-02T09:03:29.3731921Z</receivedTime>
  <startTime>2025-10-02T09:03:29.3731921Z</startTime>
  <endTime>2025-10-02T09:03:29.3731921Z</endTime>
  <complete>True</complete>
  <is_temp>False</is_temp>
  <is_readonly>True</is_readonly>
  <buildSummary />
</deployment>